link,title
http://pic1.win4000.com/pic/0/96/ebff7ecbe1_250_350.jpg,白嫩美女唯美治愈系大胆诱惑写真
http://pic1.win4000.com/pic/c/73/547beee754_250_350.jpg,校花美女尤物性感制服诱惑写真
http://pic1.win4000.com/pic/f/c5/d0371f13ca_250_350.jpg,治愈系性感长发美女唯美写真图片
http://pic1.win4000.com/pic/e/0a/961569a119_250_350.jpg,高颜值美女萝莉甜美笑容性感图片
http://pic1.win4000.com/pic/e/2e/fef95d258f_250_350.jpg,性感活力少女时髦靓丽迷人写真图片
http://pic1.win4000.com/pic/4/fe/c4e93934f1_250_350.jpg,清纯大眼睛女孩小清新唯美居家写真图片
http://pic1.win4000.com/pic/3/9b/a96c17ffa6_250_350.jpg,冷艳性感美女唯美居家私服写真图片
http://pic1.win4000.com/pic/0/ff/8e567d6b86_250_350.jpg,日系清纯美女户外甜美写真图片
http://pic1.win4000.com/pic/2/12/4d10c34e58_250_350.jpg,马尾辫性感美女吊带裙床上诱惑图片
http://pic1.win4000.com/pic/0/a0/d5e9953c56_250_350.jpg,萝莉美少女性感短裙校园写真图片
http://pic1.win4000.com/pic/0/96/ebff7ecbe1_250_350.jpg,白嫩美女唯美治愈系大胆诱惑写真
http://pic1.win4000.com/pic/e/0a/961569a119_250_350.jpg,高颜值美女萝莉甜美笑容性感图片
http://pic1.win4000.com/pic/e/2e/fef95d258f_250_350.jpg,性感活力少女时髦靓丽迷人写真图片
http://pic1.win4000.com/pic/3/9b/a96c17ffa6_250_350.jpg,冷艳性感美女唯美居家私服写真图片
http://pic1.win4000.com/pic/2/12/4d10c34e58_250_350.jpg,马尾辫性感美女吊带裙床上诱惑图片
http://pic1.win4000.com/pic/f/6f/e04e3e8b36_250_350.jpg,黄色波点美女吊带连衣裙性感写真 第一辑
http://pic1.win4000.com/pic/c/88/df10068935_250_350.jpg,混血美女模特白皙长腿唯美写真
http://pic1.win4000.com/pic/b/53/6fbb15f24e_250_350.jpg,吊带美女尤物酥胸爆乳性感诱惑写真
http://pic1.win4000.com/pic/3/61/1cc8e8f014_250_350.jpg,丰满爆乳美女模特白色吊带性感写真
http://pic1.win4000.com/pic/c/f9/480691a3c1_250_350.jpg,长发美女性感白嫩私房写真图片
http://pic1.win4000.com/pic/9/73/b02132fd46_250_350.jpg,美少女雷姆半次元cosplay图片
http://pic1.win4000.com/pic/5/4f/a5e8bf8c4e_250_350.jpg,王者荣耀虞姬加勒比小姐cosplay图片
http://pic1.win4000.com/pic/0/16/d49d5b78a8_250_350.jpg,白丝美腿洛天依花嫁cosplay性感图片
http://pic1.win4000.com/pic/e/69/95a6d974b0_250_350.jpg,日本美女cosplay阴阳师雪女写真图片
http://pic1.win4000.com/pic/c/9f/4fe141ea84_250_350.jpg,缘之空丝袜旗袍穹妹cosplay高清图片
http://pic1.win4000.com/pic/0/b9/9992b1bbd5_250_350.jpg,日本少女cosplay艾米莉娅福利写真图片
http://pic1.win4000.com/pic/6/df/6415ade961_250_350.jpg,阴阳师樱花妖cosplay写真图片
http://pic1.win4000.com/pic/e/2f/072acf77dc_250_350.jpg,性感美女cos英雄联盟众星之子索拉卡图片
http://pic1.win4000.com/pic/b/3d/a486f12d6b_250_350.jpg,日本萝莉cosplay泉纱雾诱惑写真图片
http://pic1.win4000.com/pic/c/0f/932e9538a8_250_350.jpg,白丝旗袍美女尤物cos春日野穹福利写真图片
http://pic1.win4000.com/pic/6/d0/7035053b80_250_350.jpg,游戏美女白色吊带连体衣诱惑性感写真
http://pic1.win4000.com/pic/1/f3/0c7a324fd3_250_350.jpg,极品美女少妇丸子头俏皮可爱美腿写真
http://pic1.win4000.com/pic/9/2c/ec94ea5411_250_350.jpg,二次元游戏美女梦幻甜美粉红诱惑私房写真
http://pic1.win4000.com/pic/1/37/5126eca61a_250_350.jpg,元气游戏美女蕾丝白纱透视性感私房照
http://pic1.win4000.com/pic/7/c1/3de7c8282d_250_350.jpg,高清游戏美女梦幻二次元诱惑私房写真
http://pic1.win4000.com/pic/8/da/1e3596a084_250_350.jpg,性感电竞美女梦幻游戏美女二次元诱惑写真
http://pic1.win4000.com/pic/4/a2/6f579d2f3c_250_350.jpg,动漫美女图片高清约会大作战鸢一折纸女仆装cos美女写真
http://pic1.win4000.com/pic/6/19/b52f10b778_250_350.jpg,性感游戏美女娃娃脸高清自拍生活照片
http://pic1.win4000.com/pic/5/c5/7df55da4f8_250_350.jpg,性感美女深V低胸装碎花短裙性感私房写真
http://pic1.win4000.com/pic/0/25/2a4eb88e5a_250_350.jpg,二次元梦幻少女唯美性感游戏美女图片
http://pic1.win4000.com/pic/7/8b/46911568436_250_350.jpg,制服美女修长美腿大胆肉丝美腿高跟诱惑写真
http://pic1.win4000.com/pic/b/30/c0701558884_250_350.jpg,台湾学生妹丝袜长腿惹火销魂制服诱惑美腿写真
http://pic1.win4000.com/pic/3/1b/82c01557260_250_350.jpg,大胆韩国美女模特超短裙美腿极品私房照
http://pic1.win4000.com/pic/b/cd/d0521557247_250_350.jpg,都市白领美女秘书包臀裙美腿高跟私房写真
http://pic1.win4000.com/pic/f/a0/4ba71555672_250_350.jpg,白嫩美女美腿超短裙ol美女秘书图片
http://pic1.win4000.com/pic/5/99/823a1551179_250_350.jpg,时尚气质女神养眼迷人街拍图片
http://pic1.win4000.com/pic/6/35/d4eb1549745_250_350.jpg,清纯活力美女小露蛮腰酥胸诱惑美女写真
http://pic1.win4000.com/pic/6/62/20861548285_250_350.jpg,美艳嫩模酥胸长腿养眼迷人性感图片
http://pic1.win4000.com/pic/c/0c/cde11547276_250_350.jpg,蓝色旗袍美女模特前凸后翘诱惑美腿丝袜图片
http://pic1.win4000.com/pic/3/ff/d91b1547257_250_350.jpg,美女腿模Abby银色包臀裙肉丝美腿白色高跟鞋美女图片
